label,regime,avg_action,avg_invested_fraction,avg_overlay_size,avg_hedge_action,avg_hedge_type_action,dominant_hedge_type,avg_hedge_ratio,avg_hedge_cost,avg_hedge_benefit,avg_cash_weight,avg_turnover,avg_transaction_cost,avg_uncertainty_score,avg_convexity_mode,dominant_convexity_mode,avg_convexity_carry,avg_convexity_benefit,avg_council_weight_regime_rules,avg_council_weight_linucb,avg_council_weight_cvar_robust,avg_council_gate_entropy,dominant_council_expert,best_council_expert,ann_return,ann_vol
factor_only_tf0.40,bull,0.0,0.9999999900000001,0.0,0.0,0.0,none,0.0,0.0,0.0,9.999999903618138e-09,0.022428411614289222,2.4347919966300045e-05,0.3728880307379682,0.0,none,0.0,0.0,0.0,0.0,0.0,0.0,none,none,0.03414711553366516,0.1506118482024303
factor_only_tf0.40,neutral,0.0,0.9999999900000003,0.0,0.0,0.0,none,0.0,0.0,0.0,9.99999990301494e-09,0.019444528395956808,2.1198128464253344e-05,0.39224466663335605,0.0,none,0.0,0.0,0.0,0.0,0.0,0.0,none,none,0.2272363096187342,0.19340939644049196
factor_only_tf0.40,bear,0.0,0.9999999900000003,0.0,0.0,0.0,none,0.0,0.0,0.0,9.999999910590579e-09,0.023582712839464504,2.6012734204861243e-05,0.3581968631289593,0.0,none,0.0,0.0,0.0,0.0,0.0,0.0,none,none,0.35626415097738495,0.223686929222038
factor_only_tf0.50,bull,0.0,0.99999999,0.0,0.0,0.0,none,0.0,0.0,0.0,9.999999893672623e-09,0.019817521055185246,2.1490871162967013e-05,0.3751385404902466,0.0,none,0.0,0.0,0.0,0.0,0.0,0.0,none,none,0.11247831299986179,0.1558407497305424
factor_only_tf0.50,neutral,0.0,0.9999999900000002,0.0,0.0,0.0,none,0.0,0.0,0.0,9.999999900468414e-09,0.01893502541406367,2.059779622707484e-05,0.38968042383733786,0.0,none,0.0,0.0,0.0,0.0,0.0,0.0,none,none,0.3518820628001891,0.16244157438512893
factor_only_tf0.50,bear,0.0,0.9999999900000003,0.0,0.0,0.0,none,0.0,0.0,0.0,9.999999869836351e-09,0.016237673859219096,1.7803094631575022e-05,0.35440748704753267,0.0,none,0.0,0.0,0.0,0.0,0.0,0.0,none,none,-0.2503237801432376,0.16209025980309777
factor_only_tf0.60,bull,0.0,0.9999999900000002,0.0,0.0,0.0,none,0.0,0.0,0.0,9.999999899009119e-09,0.018830861770034544,2.0412218743161724e-05,0.37833111829068833,0.0,none,0.0,0.0,0.0,0.0,0.0,0.0,none,none,0.09184751674925998,0.15091015217346834
factor_only_tf0.60,neutral,0.0,0.9999999900000002,0.0,0.0,0.0,none,0.0,0.0,0.0,9.999999906276736e-09,0.027747877983561108,3.0059457791082025e-05,0.41276456898784664,0.0,none,0.0,0.0,0.0,0.0,0.0,0.0,none,none,0.10000907628237708,0.11969821091675609
factor_only_tf0.60,bear,0.0,0.9999999900000002,0.0,0.0,0.0,none,0.0,0.0,0.0,9.999999907768971e-09,0.022067266908007036,2.4116834694540832e-05,0.3796865046825885,0.0,none,0.0,0.0,0.0,0.0,0.0,0.0,none,none,0.7150430215565327,0.20838735976061357
alpha_stack_fixed_weights_tf0.40,bull,0.0,0.9999999900000001,0.0,0.0,0.0,none,0.0,0.0,0.0,9.999999840205398e-09,0.04909006404618124,5.349141694360261e-05,0.3728880307379682,0.0,none,0.0,0.0,0.0,0.0,0.0,0.0,none,none,0.029835533024517524,0.11483085060224156
alpha_stack_fixed_weights_tf0.40,neutral,0.0,0.9999999900000003,0.0,0.0,0.0,none,0.0,0.0,0.0,9.999999835035129e-09,0.07591783073905449,8.288831111440481e-05,0.39224466663335605,0.0,none,0.0,0.0,0.0,0.0,0.0,0.0,none,none,0.10960828235869419,0.12903420813437186
alpha_stack_fixed_weights_tf0.40,bear,0.0,0.9999999900000003,0.0,0.0,0.0,none,0.0,0.0,0.0,9.999999840762071e-09,0.0699306583233962,7.708754579017983e-05,0.3581968631289593,0.0,none,0.0,0.0,0.0,0.0,0.0,0.0,none,none,0.21851730249429968,0.15878806362168946
alpha_stack_fixed_weights_tf0.50,bull,0.0,0.9999999900000002,0.0,0.0,0.0,none,0.0,0.0,0.0,9.999999828400186e-09,0.038896166318361784,4.2216841752208237e-05,0.3751385404902466,0.0,none,0.0,0.0,0.0,0.0,0.0,0.0,none,none,0.0905582342212915,0.1172874753447596
alpha_stack_fixed_weights_tf0.50,neutral,0.0,0.9999999900000002,0.0,0.0,0.0,none,0.0,0.0,0.0,9.999999836277338e-09,0.06523542628520348,7.11873638524002e-05,0.38968042383733786,0.0,none,0.0,0.0,0.0,0.0,0.0,0.0,none,none,0.23473874870332573,0.11892521555198535
alpha_stack_fixed_weights_tf0.50,bear,0.0,0.9999999900000003,0.0,0.0,0.0,none,0.0,0.0,0.0,9.999999843468555e-09,0.08117242531616811,8.895570840491609e-05,0.35440748704753267,0.0,none,0.0,0.0,0.0,0.0,0.0,0.0,none,none,-0.24930912743763778,0.12819517242948628
alpha_stack_fixed_weights_tf0.60,bull,0.0,0.9999999900000002,0.0,0.0,0.0,none,0.0,0.0,0.0,9.999999833764798e-09,0.035999892630421505,3.901984922464076e-05,0.37833111829068833,0.0,none,0.0,0.0,0.0,0.0,0.0,0.0,none,none,0.06684667140624213,0.11302788927735702
alpha_stack_fixed_weights_tf0.60,neutral,0.0,0.9999999900000005,0.0,0.0,0.0,none,0.0,0.0,0.0,9.99999982891926e-09,0.0573884438244425,6.200051239382622e-05,0.41276456898784664,0.0,none,0.0,0.0,0.0,0.0,0.0,0.0,none,none,0.04414221172160624,0.09260356771166908
alpha_stack_fixed_weights_tf0.60,bear,0.0,0.9999999900000002,0.0,0.0,0.0,none,0.0,0.0,0.0,9.999999822651873e-09,0.06499924818759274,7.063944641745546e-05,0.3796865046825885,0.0,none,0.0,0.0,0.0,0.0,0.0,0.0,none,none,0.692434762032537,0.14472050414121485
alpha_stack_no_rl_tf0.40,bull,0.0,0.9999999900000001,0.0,0.0,0.0,none,0.0,0.0,0.0,9.999999835204395e-09,0.05046447049549585,5.501558598926872e-05,0.5688487423602581,0.0,none,0.0,0.0,0.0,0.0,0.0,0.0,none,none,0.03273817159585247,0.11497787903998687
alpha_stack_no_rl_tf0.40,neutral,0.0,0.9999999900000003,0.0,0.0,0.0,none,0.0,0.0,0.0,9.999999829911023e-09,0.07736358571436998,8.445984231918865e-05,0.5931001088072576,0.0,none,0.0,0.0,0.0,0.0,0.0,0.0,none,none,0.11139637784037902,0.12829122605724516
alpha_stack_no_rl_tf0.40,bear,0.0,0.9999999900000003,0.0,0.0,0.0,none,0.0,0.0,0.0,9.999999851311703e-09,0.07199170368831234,7.934941172334224e-05,0.5577214937431316,0.0,none,0.0,0.0,0.0,0.0,0.0,0.0,none,none,0.23208964567201476,0.15840705620735943
alpha_stack_no_rl_tf0.50,bull,0.0,0.99999999,0.0,0.0,0.0,none,0.0,0.0,0.0,9.999999842204024e-09,0.039439159536382544,4.279743619861966e-05,0.5726644374719745,0.0,none,0.0,0.0,0.0,0.0,0.0,0.0,none,none,0.09501113796361448,0.11803846281810898
alpha_stack_no_rl_tf0.50,neutral,0.0,0.9999999900000002,0.0,0.0,0.0,none,0.0,0.0,0.0,9.999999844755405e-09,0.06721435012105319,7.335576460805304e-05,0.585077826056334,0.0,none,0.0,0.0,0.0,0.0,0.0,0.0,none,none,0.2231639382886703,0.11951297352065615
alpha_stack_no_rl_tf0.50,bear,0.0,0.9999999900000003,0.0,0.0,0.0,none,0.0,0.0,0.0,9.999999836529661e-09,0.08375668174428823,9.18773102657881e-05,0.5545433966548486,0.0,none,0.0,0.0,0.0,0.0,0.0,0.0,none,none,-0.2573902860864153,0.1287981335182159
alpha_stack_no_rl_tf0.60,bull,0.0,0.9999999900000002,0.0,0.0,0.0,none,0.0,0.0,0.0,9.999999834620462e-09,0.03787745742356117,4.109120763025422e-05,0.5757690430993415,0.0,none,0.0,0.0,0.0,0.0,0.0,0.0,none,none,0.0671043501962419,0.11305524810297844
alpha_stack_no_rl_tf0.60,neutral,0.0,0.9999999900000003,0.0,0.0,0.0,none,0.0,0.0,0.0,9.999999836798263e-09,0.06068903011555962,6.556472534465672e-05,0.6051293958123892,0.0,none,0.0,0.0,0.0,0.0,0.0,0.0,none,none,0.04974872897235926,0.09248561926678708
alpha_stack_no_rl_tf0.60,bear,0.0,0.9999999900000002,0.0,0.0,0.0,none,0.0,0.0,0.0,9.999999865210421e-09,0.0646240649967609,7.010304341395078e-05,0.5810120469570634,0.0,none,0.0,0.0,0.0,0.0,0.0,0.0,none,none,0.689857821933452,0.14800485016959586
portfolio_rl_fixed_weights_tf0.40,bull,1.7585585585585586,0.9209549549549549,0.11266666666666666,0.0,0.0,none,0.0,0.0,0.0,0.07904505400858121,0.09284305147502354,0.00010092870155170389,0.3728880307379682,0.0,none,0.0,0.0,0.0,0.0,0.0,0.0,none,none,0.02401536226092716,0.10234688003174522
portfolio_rl_fixed_weights_tf0.40,neutral,1.4646153846153847,0.9082461538461538,0.10132307692307692,0.0,0.0,none,0.0,0.0,0.0,0.09175385500006271,0.11453727341186211,0.00012501469703659756,0.39224466663335605,0.0,none,0.0,0.0,0.0,0.0,0.0,0.0,none,none,0.09006300095306005,0.11294321341335894
portfolio_rl_fixed_weights_tf0.40,bear,1.2669683257918551,0.9018552036199097,0.09330316742081449,0.0,0.0,none,0.0,0.0,0.0,0.09814480519212682,0.10950969914703866,0.00012056049225286856,0.3581968631289593,0.0,none,0.0,0.0,0.0,0.0,0.0,0.0,none,none,0.18498853897343873,0.14133660140028656
portfolio_rl_fixed_weights_tf0.50,bull,1.547069271758437,0.9130550621669626,0.10452930728241563,0.0,0.0,none,0.0,0.0,0.0,0.08694494673839794,0.08602522554702247,9.33080745083599e-05,0.3751385404902466,0.0,none,0.0,0.0,0.0,0.0,0.0,0.0,none,none,0.07669101440188555,0.10535693947421226
portfolio_rl_fixed_weights_tf0.50,neutral,1.3745454545454545,0.9038545454545455,0.09810909090909092,0.0,0.0,none,0.0,0.0,0.0,0.09614546335883613,0.11160869598892778,0.00012159644292133522,0.38968042383733786,0.0,none,0.0,0.0,0.0,0.0,0.0,0.0,none,none,0.2011488704123271,0.10544373962644313
portfolio_rl_fixed_weights_tf0.50,bear,1.15,0.8871249999999999,0.090625,0.0,0.0,none,0.0,0.0,0.0,0.11287500868083296,0.131209859815352,0.00014414869818944607,0.35440748704753267,0.0,none,0.0,0.0,0.0,0.0,0.0,0.0,none,none,-0.21468536709018884,0.11128497409277328
portfolio_rl_fixed_weights_tf0.60,bull,1.606936416184971,0.9124855491329481,0.10720616570327553,0.0,0.0,none,0.0,0.0,0.0,0.08751445976714753,0.0864258013201362,9.364999005788931e-05,0.37833111829068833,0.0,none,0.0,0.0,0.0,0.0,0.0,0.0,none,none,0.04202649054554551,0.10318014120160303
portfolio_rl_fixed_weights_tf0.60,neutral,1.2451612903225806,0.8932903225806452,0.09393548387096774,0.0,0.0,none,0.0,0.0,0.0,0.10703226680176037,0.11436762525228242,0.00012359820356914021,0.41276456898784664,0.0,none,0.0,0.0,0.0,0.0,0.0,0.0,none,none,0.0175992766331503,0.08080447584577408
portfolio_rl_fixed_weights_tf0.60,bear,1.0166666666666666,0.8803333333333334,0.08566666666666668,0.0,0.0,none,0.0,0.0,0.0,0.11966667530364034,0.0983494624398041,0.00010645160152810581,0.3796865046825885,0.0,none,0.0,0.0,0.0,0.0,0.0,0.0,none,none,0.5886187929393817,0.12441367682378651
full_pipeline_tf0.40,bull,1.6018018018018019,0.9092792792792793,0.10742342342342343,0.0,0.0,none,0.0,0.0,0.0,0.0907207295794285,0.10219905393110636,0.00011104552230960098,0.5688487423602581,0.0,none,0.0,0.0,0.0,0.0,0.0,0.0,none,none,0.00926307636514445,0.10244656961452395
full_pipeline_tf0.40,neutral,1.32,0.8957538461538461,0.0968,0.0,0.0,none,0.0,0.0,0.0,0.10424616258147838,0.12433692436367563,0.00013558963905310149,0.5931001088072576,0.0,none,0.0,0.0,0.0,0.0,0.0,0.0,none,none,0.09726105986235033,0.11238327330711244
full_pipeline_tf0.40,bear,1.239819004524887,0.8963800904977378,0.09298642533936652,0.0,0.0,none,0.0,0.0,0.0,0.1036199182609261,0.10494843830547632,0.00011564036401885385,0.5577214937431316,0.0,none,0.0,0.0,0.0,0.0,0.0,0.0,none,none,0.21234407541257888,0.1421160461772146
full_pipeline_tf0.60,bull,1.4797687861271676,0.9045279383429674,0.10263969171483622,0.0,0.0,none,0.0,0.0,0.0,0.09547207048741979,0.08780847631049135,9.516081778855755e-05,0.5757690430993415,0.0,none,0.0,0.0,0.0,0.0,0.0,0.0,none,none,0.05094020256642449,0.1001697488468744
full_pipeline_tf0.60,neutral,1.1225806451612903,0.887483870967742,0.08916129032258065,0.0,0.0,none,0.0,0.0,0.0,0.11251613772618999,0.10053349983466409,0.00010869303783820526,0.6051293958123892,0.0,none,0.0,0.0,0.0,0.0,0.0,0.0,none,none,0.03335407845342839,0.08027378187084022
full_pipeline_tf0.60,bear,1.1166666666666667,0.894,0.08766666666666668,0.0,0.0,none,0.0,0.0,0.0,0.10600000876950864,0.10827589646867317,0.00011713233360528871,0.5810120469570634,0.0,none,0.0,0.0,0.0,0.0,0.0,0.0,none,none,0.6080049464756196,0.13046815736549583
full_pipeline_fixed_weights_tf0.40,bull,1.618018018018018,0.9159819819819821,0.10704504504504504,0.0,0.0,none,0.0,0.0,0.0,0.08401802694403929,0.0893046863614014,9.70153913544538e-05,0.3728880307379682,0.0,none,0.0,0.0,0.0,0.0,0.0,0.0,none,none,0.030755560338964583,0.10328441073464315
full_pipeline_fixed_weights_tf0.40,neutral,1.4123076923076923,0.9041538461538462,0.09969230769230769,0.0,0.0,none,0.0,0.0,0.0,0.09584616265395345,0.11425161195118508,0.00012460118351535952,0.39224466663335605,0.0,none,0.0,0.0,0.0,0.0,0.0,0.0,none,none,0.1015952399303828,0.11536201516762211
full_pipeline_fixed_weights_tf0.40,bear,1.3257918552036199,0.901131221719457,0.09588235294117647,0.0,0.0,none,0.0,0.0,0.0,0.09886878707893322,0.10273915007790868,0.00011336555489061452,0.3581968631289593,0.0,none,0.0,0.0,0.0,0.0,0.0,0.0,none,none,0.17732419844166733,0.1462164364651574
full_pipeline_fixed_weights_tf0.50,bull,1.536412078152753,0.9078685612788633,0.10444049733570161,0.0,0.0,none,0.0,0.0,0.0,0.09213144757572105,0.08744924246135677,9.483676468198006e-05,0.3751385404902466,0.0,none,0.0,0.0,0.0,0.0,0.0,0.0,none,none,0.0648296904508901,0.10651871319707505
full_pipeline_fixed_weights_tf0.50,neutral,1.298181818181818,0.8964727272727274,0.09559999999999999,0.0,0.0,none,0.0,0.0,0.0,0.10352728147408578,0.10668221404201475,0.00011624664126063136,0.38968042383733786,0.0,none,0.0,0.0,0.0,0.0,0.0,0.0,none,none,0.20771691991440122,0.10462991857375938
full_pipeline_fixed_weights_tf0.50,bear,1.225,0.89225,0.092875,0.0,0.0,none,0.0,0.0,0.0,0.10775000872402489,0.12263895643627735,0.00013474046040277648,0.35440748704753267,0.0,none,0.0,0.0,0.0,0.0,0.0,0.0,none,none,-0.21979199314149767,0.11488159441171103
full_pipeline_fixed_weights_tf0.60,bull,1.4238921001926783,0.9029287090558769,0.10011560693641619,0.0,0.0,none,0.0,0.0,0.0,0.09707129976571065,0.08375501450004166,9.083777509824919e-05,0.37833111829068833,0.0,none,0.0,0.0,0.0,0.0,0.0,0.0,none,none,0.048887922632994026,0.09904268159230926
full_pipeline_fixed_weights_tf0.60,neutral,1.0774193548387097,0.8906451612903227,0.08619354838709677,0.0,0.0,none,0.0,0.0,0.0,0.10935484744003911,0.08848606820681264,9.565409631106012e-05,0.41276456898784664,0.0,none,0.0,0.0,0.0,0.0,0.0,0.0,none,none,0.04046146979856926,0.08117579682190344
full_pipeline_fixed_weights_tf0.60,bear,1.0166666666666666,0.8878333333333333,0.0835,0.0,0.0,none,0.0,0.0,0.0,0.11216667538227944,0.08692271138620808,9.442225840957977e-05,0.3796865046825885,0.0,none,0.0,0.0,0.0,0.0,0.0,0.0,none,none,0.599085578539064,0.1269554123378475
factor_only_tf0.40,bull,0.0,0.9999999900000001,0.0,0.0,0.0,none,0.0,0.0,0.0,9.999999838004957e-09,0.05057224182024061,5.513377422777715e-05,0.5688487423602581,0.0,none,0.0,0.0,0.0,0.0,0.0,0.0,none,none,0.035989779063057704,0.11520347003342458
factor_only_tf0.40,neutral,0.0,0.9999999900000003,0.0,0.0,0.0,none,0.0,0.0,0.0,9.999999844600128e-09,0.07718201251697736,8.426903966107053e-05,0.5931001088072576,0.0,none,0.0,0.0,0.0,0.0,0.0,0.0,none,none,0.11509245557125579,0.12832352508409464
factor_only_tf0.40,bear,0.0,0.9999999900000004,0.0,0.0,0.0,none,0.0,0.0,0.0,9.999999832221894e-09,0.0717709730191346,7.909894368468422e-05,0.5577214937431316,0.0,none,0.0,0.0,0.0,0.0,0.0,0.0,none,none,0.22395119729705207,0.15913118955130098
factor_only_tf0.50,bull,0.0,0.9999999900000002,0.0,0.0,0.0,none,0.0,0.0,0.0,9.99999982879458e-09,0.04011238223580806,4.353127235288993e-05,0.5726644374719745,0.0,none,0.0,0.0,0.0,0.0,0.0,0.0,none,none,0.09638896369695522,0.1179501229913237
factor_only_tf0.50,neutral,0.0,0.9999999900000002,0.0,0.0,0.0,none,0.0,0.0,0.0,9.999999855252059e-09,0.06754350948647246,7.369738018798748e-05,0.585077826056334,0.0,none,0.0,0.0,0.0,0.0,0.0,0.0,none,none,0.22524254132116603,0.11964696293089505
factor_only_tf0.50,bear,0.0,0.9999999900000003,0.0,0.0,0.0,none,0.0,0.0,0.0,9.999999817100758e-09,0.08401323616109566,9.214709512219367e-05,0.5545433966548486,0.0,none,0.0,0.0,0.0,0.0,0.0,0.0,none,none,-0.26622509165708125,0.1284187575420668
factor_only_tf0.60,bull,0.0,0.9999999900000002,0.0,0.0,0.0,none,0.0,0.0,0.0,9.999999842107515e-09,0.03761652369072385,4.0808015308821044e-05,0.5757690430993415,0.0,none,0.0,0.0,0.0,0.0,0.0,0.0,none,none,0.06348681454324946,0.11338864801287614
factor_only_tf0.60,neutral,0.0,0.9999999900000002,0.0,0.0,0.0,none,0.0,0.0,0.0,9.999999840379627e-09,0.06098205570835348,6.58931910991993e-05,0.6051293958123892,0.0,none,0.0,0.0,0.0,0.0,0.0,0.0,none,none,0.05415287475256141,0.09236247027309652
factor_only_tf0.60,bear,0.0,0.9999999900000002,0.0,0.0,0.0,none,0.0,0.0,0.0,9.999999835604474e-09,0.06737612338449735,7.315104878106018e-05,0.5810120469570634,0.0,none,0.0,0.0,0.0,0.0,0.0,0.0,none,none,0.6970991241813099,0.14807080762004263
A1_fixed_tf0.40,bull,0.0,0.95,0.0,0.0,0.0,none,0.0,0.0,0.0,0.050000009499999894,0.04788295827168276,5.220342934689509e-05,0.5688487423602581,0.0,none,0.0,0.0,0.0,0.0,0.0,0.0,none,none,0.03284588219864348,0.10889292767189725
A1_fixed_tf0.40,neutral,0.0,0.95,0.0,0.0,0.0,none,0.0,0.0,0.0,0.05000000949999986,0.07128417097394713,7.782433008717707e-05,0.5931001088072576,0.0,none,0.0,0.0,0.0,0.0,0.0,0.0,none,none,0.10971840764278461,0.12168649257471094
A1_fixed_tf0.40,bear,0.0,0.95,0.0,0.0,0.0,none,0.0,0.0,0.0,0.05000000949999988,0.06740368256632587,7.428403276430987e-05,0.5577214937431316,0.0,none,0.0,0.0,0.0,0.0,0.0,0.0,none,none,0.22842216035890162,0.15035995177793265
A1_fixed_tf0.50,bull,0.0,0.9500000000000001,0.0,0.0,0.0,none,0.0,0.0,0.0,0.05000000949999989,0.03739456169354874,4.05869928932432e-05,0.5726644374719745,0.0,none,0.0,0.0,0.0,0.0,0.0,0.0,none,none,0.09192356411144062,0.11173640800440582
A1_fixed_tf0.50,neutral,0.0,0.95,0.0,0.0,0.0,none,0.0,0.0,0.0,0.05000000949999989,0.0630093160704113,6.874607015887523e-05,0.585077826056334,0.0,none,0.0,0.0,0.0,0.0,0.0,0.0,none,none,0.2123407419431698,0.11397535855629218
A1_fixed_tf0.50,bear,0.0,0.95,0.0,0.0,0.0,none,0.0,0.0,0.0,0.05000000949999985,0.07773275185815673,8.519966379033065e-05,0.5545433966548486,0.0,none,0.0,0.0,0.0,0.0,0.0,0.0,none,none,-0.2560639684494992,0.12187784095142938
A1_fixed_tf0.60,bull,0.0,0.95,0.0,0.0,0.0,none,0.0,0.0,0.0,0.050000009499999894,0.03461149197127065,3.754158450942836e-05,0.5757690430993415,0.0,none,0.0,0.0,0.0,0.0,0.0,0.0,none,none,0.06421591537685539,0.10705602298018466
A1_fixed_tf0.60,neutral,0.0,0.95,0.0,0.0,0.0,none,0.0,0.0,0.0,0.05000000949999987,0.0555283472524986,5.99820920582657e-05,0.6051293958123892,0.0,none,0.0,0.0,0.0,0.0,0.0,0.0,none,none,0.05367352536454572,0.08767823528485487
A1_fixed_tf0.60,bear,0.0,0.9500000000000003,0.0,0.0,0.0,none,0.0,0.0,0.0,0.050000009499999866,0.06203683881834405,6.732842076466122e-05,0.5810120469570634,0.0,none,0.0,0.0,0.0,0.0,0.0,0.0,none,none,0.6522571565016752,0.13896317504143474
A2_vol_target_tf0.40,bull,0.0,0.921520518602916,0.0,0.0,0.0,none,0.0,0.0,0.0,0.07847949061228915,0.0460620582507937,4.994762895200331e-05,0.5688487423602581,0.0,none,0.0,0.0,0.0,0.0,0.0,0.0,none,none,0.016733839428138317,0.10068501512160664
A2_vol_target_tf0.40,neutral,0.0,0.8172340725562954,0.0,0.0,0.0,none,0.0,0.0,0.0,0.1827659356160451,0.0642915865618162,7.003646928403944e-05,0.5931001088072576,0.0,none,0.0,0.0,0.0,0.0,0.0,0.0,none,none,0.08126820738940697,0.10233766937114855
A2_vol_target_tf0.40,bear,0.0,0.7088129600393698,0.0,0.0,0.0,none,0.0,0.0,0.0,0.29118704704875986,0.054708672753214914,5.995637556401365e-05,0.5577214937431316,0.0,none,0.0,0.0,0.0,0.0,0.0,0.0,none,none,0.2314121500488521,0.10500455130999092
A2_vol_target_tf0.50,bull,0.0,0.9343575846950981,0.0,0.0,0.0,none,0.0,0.0,0.0,0.0656424246484776,0.04155319230096624,4.5001269045328264e-05,0.5726644374719745,0.0,none,0.0,0.0,0.0,0.0,0.0,0.0,none,none,0.07816366614794891,0.10434731417942963
A2_vol_target_tf0.50,neutral,0.0,0.8222397472595385,0.0,0.0,0.0,none,0.0,0.0,0.0,0.17777893441690842,0.057520967654911194,6.257913608434083e-05,0.585077826056334,0.0,none,0.0,0.0,0.0,0.0,0.0,0.0,none,none,0.16354636897659852,0.09132559698653689
A2_vol_target_tf0.50,bear,0.0,0.7716801620829961,0.0,0.0,0.0,none,0.0,0.0,0.0,0.2283198456338055,0.06849329602413556,7.445093998894769e-05,0.5545433966548486,0.0,none,0.0,0.0,0.0,0.0,0.0,0.0,none,none,-0.13042892976752415,0.0996784008108949
A2_vol_target_tf0.60,bull,0.0,0.9490155711111052,0.0,0.0,0.0,none,0.0,0.0,0.0,0.05098443837905032,0.03652290223616098,3.950708268775603e-05,0.5757690430993415,0.0,none,0.0,0.0,0.0,0.0,0.0,0.0,none,none,0.06559401374965752,0.10490923171455573
A2_vol_target_tf0.60,neutral,0.0,0.9454344486536786,0.0,0.0,0.0,none,0.0,0.0,0.0,0.054565560800665755,0.062366157125311225,6.739966447765268e-05,0.6051293958123892,0.0,none,0.0,0.0,0.0,0.0,0.0,0.0,none,none,0.04844456111908426,0.0879644320978332
A2_vol_target_tf0.60,bear,0.0,0.8941598477754907,0.0,0.0,0.0,none,0.0,0.0,0.0,0.1058401611661076,0.06691185294521144,7.243478650728457e-05,0.5810120469570634,0.0,none,0.0,0.0,0.0,0.0,0.0,0.0,none,none,0.5213672915115997,0.10988628416448318
A3_dd_delever_tf0.40,bull,0.0,0.9643243243243244,0.0,0.0,0.0,none,0.0,0.0,0.0,0.035675685318918765,0.046366084411864676,5.04419549801789e-05,0.5688487423602581,0.0,none,0.0,0.0,0.0,0.0,0.0,0.0,none,none,0.0335102356527158,0.1107022499785391
A3_dd_delever_tf0.40,neutral,0.0,0.9252307692307694,0.0,0.0,0.0,none,0.0,0.0,0.0,0.07476924002153831,0.071774530361324,7.825502550040221e-05,0.5931001088072576,0.0,none,0.0,0.0,0.0,0.0,0.0,0.0,none,none,0.08943692903208378,0.11716113514398668
A3_dd_delever_tf0.40,bear,0.0,0.8737556561085973,0.0,0.0,0.0,none,0.0,0.0,0.0,0.12624435262895914,0.06390729549471146,7.033804590271865e-05,0.5577214937431316,0.0,none,0.0,0.0,0.0,0.0,0.0,0.0,none,none,0.1574817114950254,0.134802856336548
A3_dd_delever_tf0.50,bull,0.0,0.9712255772646535,0.0,0.0,0.0,none,0.0,0.0,0.0,0.028774432447601975,0.03994954108421513,4.3307051344309396e-05,0.5726644374719745,0.0,none,0.0,0.0,0.0,0.0,0.0,0.0,none,none,0.09495357819124502,0.11313156994445284
A3_dd_delever_tf0.50,neutral,0.0,0.9487272727272726,0.0,0.0,0.0,none,0.0,0.0,0.0,0.051272736759999854,0.06304949790104797,6.864714196542304e-05,0.585077826056334,0.0,none,0.0,0.0,0.0,0.0,0.0,0.0,none,none,0.1827656396337258,0.10913961928173953
A3_dd_delever_tf0.50,bear,0.0,0.9287500000000002,0.0,0.0,0.0,none,0.0,0.0,0.0,0.07125000928749985,0.08628475468968695,9.437207185399846e-05,0.5545433966548486,0.0,none,0.0,0.0,0.0,0.0,0.0,0.0,none,none,-0.261621382210555,0.11881619425210833
A3_dd_delever_tf0.60,bull,0.0,0.9670520231213873,0.0,0.0,0.0,none,0.0,0.0,0.0,0.03294798654913279,0.03735284074479786,4.045998011201262e-05,0.5757690430993415,0.0,none,0.0,0.0,0.0,0.0,0.0,0.0,none,none,0.06260400373827062,0.11018159295321013
A3_dd_delever_tf0.60,neutral,0.0,1.0,0.0,0.0,0.0,none,0.0,0.0,0.0,9.999999832500625e-09,0.05938887820262018,6.414106140390186e-05,0.6051293958123892,0.0,none,0.0,0.0,0.0,0.0,0.0,0.0,none,none,0.045480929153004446,0.09321212984258562
A3_dd_delever_tf0.60,bear,0.0,0.9500000000000003,0.0,0.0,0.0,none,0.0,0.0,0.0,0.05000000949999985,0.05796526008476441,6.266299370161843e-05,0.5810120469570634,0.0,none,0.0,0.0,0.0,0.0,0.0,0.0,none,none,0.6169417623655472,0.13112660158692177
A4_regime_rules_tf0.40,bull,0.0,0.9333333333333336,0.0,0.0,0.0,none,0.0,0.0,0.0,0.06666667599999984,0.047587423540841806,5.1877941250117824e-05,0.5688487423602581,0.0,none,0.0,0.0,0.0,0.0,0.0,0.0,none,none,0.029325402517414546,0.10676461435027122
A4_regime_rules_tf0.40,neutral,0.0,0.9000000000000004,0.0,0.0,0.0,none,0.0,0.0,0.0,0.10000000899999983,0.06839694724998444,7.468395089324984e-05,0.5931001088072576,0.0,none,0.0,0.0,0.0,0.0,0.0,0.0,none,none,0.10304090364258246,0.11537711073641066
A4_regime_rules_tf0.40,bear,0.0,0.808371040723982,0.0,0.0,0.0,none,0.0,0.0,0.0,0.1916289673597283,0.06696537121192855,7.381360047805203e-05,0.5577214937431316,0.0,none,0.0,0.0,0.0,0.0,0.0,0.0,none,none,0.20079082453144642,0.12823605733486362
A4_regime_rules_tf0.50,bull,0.0,0.9369449378330373,0.0,0.0,0.0,none,0.0,0.0,0.0,0.06305507153641192,0.038242743976759364,4.151936124819796e-05,0.5726644374719745,0.0,none,0.0,0.0,0.0,0.0,0.0,0.0,none,none,0.08776422718330847,0.11083836192875093
A4_regime_rules_tf0.50,neutral,0.0,0.9000000000000002,0.0,0.0,0.0,none,0.0,0.0,0.0,0.10000000899999983,0.05947756496802244,6.486247804962804e-05,0.585077826056334,0.0,none,0.0,0.0,0.0,0.0,0.0,0.0,none,none,0.20689853541879516,0.10664283143403767
A4_regime_rules_tf0.50,bear,0.0,0.796875,0.0,0.0,0.0,none,0.0,0.0,0.0,0.20312500796874983,0.07601221252925101,8.319944315104207e-05,0.5545433966548486,0.0,none,0.0,0.0,0.0,0.0,0.0,0.0,none,none,-0.2188660309869046,0.1006661589176085
A4_regime_rules_tf0.60,bull,0.0,0.9383429672447015,0.0,0.0,0.0,none,0.0,0.0,0.0,0.061657042138728156,0.03647842973102988,3.9562940740135915e-05,0.5757690430993415,0.0,none,0.0,0.0,0.0,0.0,0.0,0.0,none,none,0.06546621264256552,0.1083139098605804
A4_regime_rules_tf0.60,neutral,0.0,0.9000000000000004,0.0,0.0,0.0,none,0.0,0.0,0.0,0.10000000899999983,0.05591787493201454,6.043470990341063e-05,0.6051293958123892,0.0,none,0.0,0.0,0.0,0.0,0.0,0.0,none,none,0.04283081788930059,0.08296002396552202
A4_regime_rules_tf0.60,bear,0.0,0.8,0.0,0.0,0.0,none,0.0,0.0,0.0,0.20000000799999995,0.05514715579385952,5.9851270630513435e-05,0.5810120469570634,0.0,none,0.0,0.0,0.0,0.0,0.0,0.0,none,none,0.5558450206197223,0.11955889575544207
A5_ensemble_mean_tf0.40,bull,0.0,0.9571673098942,0.0,0.0,0.0,none,0.0,0.0,0.0,0.04283269967747302,0.046468295639614944,5.0563233681905556e-05,0.5688487423602581,0.0,none,0.0,0.0,0.0,0.0,0.0,0.0,none,none,0.02432895393674436,0.10700274954046264
A5_ensemble_mean_tf0.40,neutral,0.0,0.9136823869929381,0.0,0.0,0.0,none,0.0,0.0,0.0,0.08631762214388573,0.0698761133429707,7.62381331956836e-05,0.5931001088072576,0.0,none,0.0,0.0,0.0,0.0,0.0,0.0,none,none,0.09182870341234435,0.11609596756886548
A5_ensemble_mean_tf0.40,bear,0.0,0.8355315221944261,0.0,0.0,0.0,none,0.0,0.0,0.0,0.16446848616088888,0.06239873337581448,6.865895046696328e-05,0.5577214937431316,0.0,none,0.0,0.0,0.0,0.0,0.0,0.0,none,none,0.2086992267172201,0.12833486337062747
A5_ensemble_mean_tf0.50,bull,0.0,0.9608880493024196,0.0,0.0,0.0,none,0.0,0.0,0.0,0.03911196030646077,0.03889853276960865,4.215500695722782e-05,0.5726644374719745,0.0,none,0.0,0.0,0.0,0.0,0.0,0.0,none,none,0.08068601485206026,0.11160832136307249
A5_ensemble_mean_tf0.50,neutral,0.0,0.9178667046711079,0.0,0.0,0.0,none,0.0,0.0,0.0,0.08214108511341306,0.06146655536743747,6.697849046149398e-05,0.585077826056334,0.0,none,0.0,0.0,0.0,0.0,0.0,0.0,none,none,0.19508653629824552,0.10582277333722657
A5_ensemble_mean_tf0.50,bear,0.0,0.8583302770865299,0.0,0.0,0.0,none,0.0,0.0,0.0,0.1416697314967728,0.07609710806153225,8.309260871082126e-05,0.5545433966548486,0.0,none,0.0,0.0,0.0,0.0,0.0,0.0,none,none,-0.20045480198703175,0.10789679975884313
A5_ensemble_mean_tf0.60,bull,0.0,0.964940725943637,0.0,0.0,0.0,none,0.0,0.0,0.0,0.035059283705770175,0.03623997952150945,3.925781126312517e-05,0.5757690430993415,0.0,none,0.0,0.0,0.0,0.0,0.0,0.0,none,none,0.06179130028936038,0.1082159413881599
A5_ensemble_mean_tf0.60,neutral,0.0,0.966057897194711,0.0,0.0,0.0,none,0.0,0.0,0.0,0.03394211246586783,0.0601743856251288,6.502753900188467e-05,0.6051293958123892,0.0,none,0.0,0.0,0.0,0.0,0.0,0.0,none,none,0.053518189362300406,0.08933017291274574
A5_ensemble_mean_tf0.60,bear,0.0,0.8990244943595816,0.0,0.0,0.0,none,0.0,0.0,0.0,0.1009755146306634,0.057700983444996724,6.248473417087769e-05,0.5810120469570634,0.0,none,0.0,0.0,0.0,0.0,0.0,0.0,none,none,0.5828716017965538,0.12240839500332766
B1_linucb_tf0.40,bull,0.0,0.8920810810810811,0.0,0.0,0.0,none,0.0,0.0,0.0,0.10791892783972962,0.05244339315336119,5.719957133417097e-05,0.5688487423602581,0.0,none,0.0,0.0,0.0,0.0,0.0,0.0,none,none,0.03390865339290189,0.1044687627823718
B1_linucb_tf0.40,neutral,0.0,0.9122153846153847,0.0,0.0,0.0,none,0.0,0.0,0.0,0.0877846245067691,0.07727625595118692,8.440527871880622e-05,0.5931001088072576,0.0,none,0.0,0.0,0.0,0.0,0.0,0.0,none,none,0.10964727571115708,0.11894531350091196
B1_linucb_tf0.40,bear,0.0,0.9303619909502263,0.0,0.0,0.0,none,0.0,0.0,0.0,0.06963801835339355,0.07218608579649524,7.96071530209899e-05,0.5577214937431316,0.0,none,0.0,0.0,0.0,0.0,0.0,0.0,none,none,0.2312210770160177,0.15029852275650468
B1_linucb_tf0.50,bull,0.0,0.9098401420959148,0.0,0.0,0.0,none,0.0,0.0,0.0,0.09015986700248656,0.04737302349097397,5.1383357658127465e-05,0.5726644374719745,0.0,none,0.0,0.0,0.0,0.0,0.0,0.0,none,none,0.09010089206070226,0.10728183224806721
B1_linucb_tf0.50,neutral,0.0,0.919,0.0,0.0,0.0,none,0.0,0.0,0.0,0.08116364555199986,0.08022929122427754,8.758598561462032e-05,0.585077826056334,0.0,none,0.0,0.0,0.0,0.0,0.0,0.0,none,none,0.21285661560695876,0.1111518022241228
B1_linucb_tf0.50,bear,0.0,0.8948125000000001,0.0,0.0,0.0,none,0.0,0.0,0.0,0.10518750894812492,0.0943835401687253,0.00010352496555022267,0.5545433966548486,0.0,none,0.0,0.0,0.0,0.0,0.0,0.0,none,none,-0.23105142822804411,0.11650437641699705
B1_linucb_tf0.60,bull,0.0,0.9334971098265896,0.0,0.0,0.0,none,0.0,0.0,0.0,0.06650289950838138,0.04621785679018546,5.009242694207677e-05,0.5757690430993415,0.0,none,0.0,0.0,0.0,0.0,0.0,0.0,none,none,0.05789544641362034,0.1045600359772279
B1_linucb_tf0.60,neutral,0.0,0.9097096774193548,0.0,0.0,0.0,none,0.0,0.0,0.0,0.09087097683322568,0.07891452727993777,8.531581808772886e-05,0.6051293958123892,0.0,none,0.0,0.0,0.0,0.0,0.0,0.0,none,none,0.04475188189394351,0.08239370847702601
B1_linucb_tf0.60,bear,0.0,0.9302500000000001,0.0,0.0,0.0,none,0.0,0.0,0.0,0.06975000930249989,0.0766244113762091,8.34303715896406e-05,0.5810120469570634,0.0,none,0.0,0.0,0.0,0.0,0.0,0.0,none,none,0.6436430276940703,0.13974909935322685
B2_thompson_tf0.40,bull,0.0,0.919081081081081,0.0,0.0,0.0,none,0.0,0.0,0.0,0.08091892810972962,0.07754661628335432,8.427001675024799e-05,0.5688487423602581,0.0,none,0.0,0.0,0.0,0.0,0.0,0.0,none,none,0.021767320979806493,0.10393897260634055
B2_thompson_tf0.40,neutral,0.0,0.9108307692307692,0.0,0.0,0.0,none,0.0,0.0,0.0,0.08916923987753834,0.08940888390051001,9.75670927705213e-05,0.5931001088072576,0.0,none,0.0,0.0,0.0,0.0,0.0,0.0,none,none,0.09887111580879515,0.11550105251725815
B2_thompson_tf0.40,bear,0.0,0.8918778280542985,0.0,0.0,0.0,none,0.0,0.0,0.0,0.10812218086447954,0.0893744581486223,9.836174884776495e-05,0.5577214937431316,0.0,none,0.0,0.0,0.0,0.0,0.0,0.0,none,none,0.17283012042353463,0.13975255117750282
B2_thompson_tf0.50,bull,0.0,0.9050444049733569,0.0,0.0,0.0,none,0.0,0.0,0.0,0.09495560407708692,0.07205789319251292,7.818037813970122e-05,0.5726644374719745,0.0,none,0.0,0.0,0.0,0.0,0.0,0.0,none,none,0.08833900739027113,0.10566248332208776
B2_thompson_tf0.50,neutral,0.0,0.9136000000000001,0.0,0.0,0.0,none,0.0,0.0,0.0,0.08640000913599986,0.09483360708256278,0.00010346661338726053,0.585077826056334,0.0,none,0.0,0.0,0.0,0.0,0.0,0.0,none,none,0.19661922666467155,0.10796537941821654
B2_thompson_tf0.50,bear,0.0,0.9218125,0.0,0.0,0.0,none,0.0,0.0,0.0,0.07818750921812492,0.13667529637498738,0.00015054340870928847,0.5545433966548486,0.0,none,0.0,0.0,0.0,0.0,0.0,0.0,none,none,-0.2498987562587327,0.11544205627626314
B2_thompson_tf0.60,bull,0.0,0.910606936416185,0.0,0.0,0.0,none,0.0,0.0,0.0,0.08939307268988428,0.06911622629942506,7.492987806753256e-05,0.5757690430993415,0.0,none,0.0,0.0,0.0,0.0,0.0,0.0,none,none,0.047633114994265924,0.10499792003223496
B2_thompson_tf0.60,neutral,0.0,0.8966451612903227,0.0,0.0,0.0,none,0.0,0.0,0.0,0.10335484767612894,0.09610423386823373,0.00010400093595806506,0.6051293958123892,0.0,none,0.0,0.0,0.0,0.0,0.0,0.0,none,none,0.01886652087894956,0.08193743508535573
B2_thompson_tf0.60,bear,0.0,0.9152499999999999,0.0,0.0,0.0,none,0.0,0.0,0.0,0.0847500091524999,0.08736668825295019,9.516706166159455e-05,0.5810120469570634,0.0,none,0.0,0.0,0.0,0.0,0.0,0.0,none,none,0.6270300772441793,0.13735238863607974
B3_epsilon_greedy_tf0.40,bull,0.0,0.9048108108108107,0.0,0.0,0.0,none,0.0,0.0,0.0,0.09518919823729717,0.058597297825695914,6.376416009075978e-05,0.5688487423602581,0.0,none,0.0,0.0,0.0,0.0,0.0,0.0,none,none,0.031443543647216174,0.10228688608644952
B3_epsilon_greedy_tf0.40,neutral,0.0,0.8986461538461537,0.0,0.0,0.0,none,0.0,0.0,0.0,0.10135385514030759,0.09079602227387057,9.910939700207664e-05,0.5931001088072576,0.0,none,0.0,0.0,0.0,0.0,0.0,0.0,none,none,0.09330569017421135,0.11421746456677093
B3_epsilon_greedy_tf0.40,bear,0.0,0.9004298642533937,0.0,0.0,0.0,none,0.0,0.0,0.0,0.09957014475090485,0.08101196300707246,8.942497412038141e-05,0.5577214937431316,0.0,none,0.0,0.0,0.0,0.0,0.0,0.0,none,none,0.22456784605184463,0.14052768156730663
B3_epsilon_greedy_tf0.50,bull,0.0,0.9123179396092362,0.0,0.0,0.0,none,0.0,0.0,0.0,0.08768206951394304,0.04862027484648998,5.278172535468197e-05,0.5726644374719745,0.0,none,0.0,0.0,0.0,0.0,0.0,0.0,none,none,0.0902154124685549,0.1069798220733118
B3_epsilon_greedy_tf0.50,neutral,0.0,0.9083636363636364,0.0,0.0,0.0,none,0.0,0.0,0.0,0.09180000908199987,0.07363007913790681,8.026899776411938e-05,0.585077826056334,0.0,none,0.0,0.0,0.0,0.0,0.0,0.0,none,none,0.200970263485907,0.10782698886234189
B3_epsilon_greedy_tf0.50,bear,0.0,0.9195625,0.0,0.0,0.0,none,0.0,0.0,0.0,0.08043750919562487,0.09925932954751865,0.00010916956155797887,0.5545433966548486,0.0,none,0.0,0.0,0.0,0.0,0.0,0.0,none,none,-0.2529383528284795,0.1182466204901209
B3_epsilon_greedy_tf0.60,bull,0.0,0.9239595375722544,0.0,0.0,0.0,none,0.0,0.0,0.0,0.07604047166734093,0.04827105618949579,5.2313548407024896e-05,0.5757690430993415,0.0,none,0.0,0.0,0.0,0.0,0.0,0.0,none,none,0.059666578557762015,0.10415133754988377
B3_epsilon_greedy_tf0.60,neutral,0.0,0.9216129032258065,0.0,0.0,0.0,none,0.0,0.0,0.0,0.07896775114580634,0.07556527258862453,8.168593976623287e-05,0.6051293958123892,0.0,none,0.0,0.0,0.0,0.0,0.0,0.0,none,none,0.04074829871279068,0.08323453628623052
B3_epsilon_greedy_tf0.60,bear,0.0,0.9175,0.0,0.0,0.0,none,0.0,0.0,0.0,0.08250000917499987,0.07697282558231085,8.373401200503623e-05,0.5810120469570634,0.0,none,0.0,0.0,0.0,0.0,0.0,0.0,none,none,0.6411543036829949,0.1385807642247295
C_supervised_tf0.40,bull,0.0,0.8342882882882885,0.0,0.0,0.0,none,0.0,0.0,0.0,0.16571172005459453,0.039665086754420424,4.333008495292525e-05,0.5688487423602581,0.0,none,0.0,0.0,0.0,0.0,0.0,0.0,none,none,0.030894050831227687,0.09838940468311955
C_supervised_tf0.40,neutral,0.0,0.8344923076923078,0.0,0.0,0.0,none,0.0,0.0,0.0,0.1655077006526153,0.058510241108495856,6.391441935695083e-05,0.5931001088072576,0.0,none,0.0,0.0,0.0,0.0,0.0,0.0,none,none,0.10056862777505968,0.11061081969601934
C_supervised_tf0.40,bear,0.0,0.8636651583710407,0.0,0.0,0.0,none,0.0,0.0,0.0,0.13633485026561076,0.058911037608198054,6.512357831582156e-05,0.5577214937431316,0.0,none,0.0,0.0,0.0,0.0,0.0,0.0,none,none,0.2012598358715331,0.1420540537793385
C_supervised_tf0.50,bull,0.0,0.8283836589698047,0.0,0.0,0.0,none,0.0,0.0,0.0,0.1716163493140319,0.032352173385943615,3.515414636744296e-05,0.5726644374719745,0.0,none,0.0,0.0,0.0,0.0,0.0,0.0,none,none,0.0893082552591963,0.09818598851075934
C_supervised_tf0.50,neutral,0.0,0.8337090909090911,0.0,0.0,0.0,none,0.0,0.0,0.0,0.16629091742799992,0.05245410994108122,5.726085345286645e-05,0.585077826056334,0.0,none,0.0,0.0,0.0,0.0,0.0,0.0,none,none,0.1979295249193324,0.10232897725862786
C_supervised_tf0.50,bear,0.0,0.875,0.0,0.0,0.0,none,0.0,0.0,0.0,0.12500000874999992,0.07219304081430339,7.934499466124843e-05,0.5545433966548486,0.0,none,0.0,0.0,0.0,0.0,0.0,0.0,none,none,-0.24162944773713113,0.11263276633351663
C_supervised_tf0.60,bull,0.0,0.948728323699422,0.0,0.0,0.0,none,0.0,0.0,0.0,0.05127168578786114,0.03673678701744715,3.9859180400201964e-05,0.5757690430993415,0.0,none,0.0,0.0,0.0,0.0,0.0,0.0,none,none,0.06888219089899027,0.10661278593599278
C_supervised_tf0.60,neutral,0.0,0.971741935483871,0.0,0.0,0.0,none,0.0,0.0,0.0,0.028258074233548234,0.056611253850581585,6.11541653792388e-05,0.6051293958123892,0.0,none,0.0,0.0,0.0,0.0,0.0,0.0,none,none,0.04549194034864567,0.09016101538121304
C_supervised_tf0.60,bear,0.0,1.0,0.0,0.0,0.0,none,0.0,0.0,0.0,9.999999831903731e-09,0.06735584447064634,7.31724063274597e-05,0.5810120469570634,0.0,none,0.0,0.0,0.0,0.0,0.0,0.0,none,none,0.6810917485491923,0.14765532222698857
D_cvar_robust_tf0.40,bull,0.0,0.9999999900000001,0.001801801783783868,0.0,0.0,none,0.0,0.0,0.0,9.999999854808332e-09,0.013765766262323913,1.4936043891574246e-05,0.5688487423602581,0.0,none,0.0,0.0,0.0,0.0,0.0,0.0,none,none,0.028868182760786638,0.13690998962569434
D_cvar_robust_tf0.40,neutral,0.0,0.9999999900000003,7.686159401251084e-17,0.0,0.0,none,0.0,0.0,0.0,9.999999845966556e-09,0.013286411109422564,1.4488174534046613e-05,0.5931001088072576,0.0,none,0.0,0.0,0.0,0.0,0.0,0.0,none,none,0.1522473669472138,0.17124244368310199
D_cvar_robust_tf0.40,bear,0.0,0.9999999900000003,7.937341081030531e-17,0.0,0.0,none,0.0,0.0,0.0,9.999999866382603e-09,0.019570435840457378,2.163675813461796e-05,0.5577214937431316,0.0,none,0.0,0.0,0.0,0.0,0.0,0.0,none,none,0.32844208577065503,0.2132531238481659
D_cvar_robust_tf0.50,bull,0.0,0.99999999,7.966786890738246e-17,0.0,0.0,none,0.0,0.0,0.0,9.999999861726596e-09,0.014496226741893827,1.5726331718124467e-05,0.5726644374719745,0.0,none,0.0,0.0,0.0,0.0,0.0,0.0,none,none,0.10845001328021123,0.14453543033379507
D_cvar_robust_tf0.50,neutral,0.0,0.9999999900000002,0.0036363636000000775,0.0,0.0,none,0.0,0.0,0.0,9.999999879878824e-09,0.014192009098642327,1.543416515447512e-05,0.585077826056334,0.0,none,0.0,0.0,0.0,0.0,0.0,0.0,none,none,0.32751509502082343,0.15857961499857146
D_cvar_robust_tf0.50,bear,0.0,0.9999999900000003,7.771561172376095e-17,0.0,0.0,none,0.0,0.0,0.0,9.999999843468555e-09,0.011747372373647692,1.2940384705042904e-05,0.5545433966548486,0.0,none,0.0,0.0,0.0,0.0,0.0,0.0,none,none,-0.23589224595911454,0.1548186160267578
D_cvar_robust_tf0.60,bull,0.0,0.9999999900000002,8.064625824348439e-17,0.0,0.0,none,0.0,0.0,0.0,9.999999857081622e-09,0.012517506765076755,1.3552275973744486e-05,0.5757690430993415,0.0,none,0.0,0.0,0.0,0.0,0.0,0.0,none,none,0.10354726780129195,0.1346847747243295
D_cvar_robust_tf0.60,neutral,0.0,0.9999999900000002,0.006451612838709758,0.0,0.0,none,0.0,0.0,0.0,9.99999986043527e-09,0.018957958776492416,2.050965140718266e-05,0.6051293958123892,0.0,none,0.0,0.0,0.0,0.0,0.0,0.0,none,none,0.07312671114926399,0.11310798813598709
D_cvar_robust_tf0.60,bear,0.0,0.9999999900000002,8.511709855459534e-17,0.0,0.0,none,0.0,0.0,0.0,9.99999986336005e-09,0.015922936084554747,1.7536085228780772e-05,0.5810120469570634,0.0,none,0.0,0.0,0.0,0.0,0.0,0.0,none,none,0.7503964948430235,0.20324588239063765
D_plus_convexity_tf0.40,bull,0.0,0.9999999900000001,0.0018018017837838662,0.0,0.0,none,0.0,0.0,0.0,9.999999871811748e-09,0.014875006891723701,1.6145572440643683e-05,0.5688487423602581,0.5621621621621622,none,9.909909909909909e-05,5.8618004165858285e-05,0.0,0.0,0.0,0.0,none,none,0.02521820470273118,0.13473241002754627
D_plus_convexity_tf0.40,neutral,0.0,0.9999999900000003,8.36937357025118e-17,0.0,0.0,none,0.0,0.0,0.0,9.999999865096553e-09,0.013237053114121025,1.444458028279334e-05,0.5931001088072576,1.0523076923076924,mild,0.000184,0.00010425174161292636,0.0,0.0,0.0,0.0,none,none,0.14160772534156016,0.16698250376907678
D_plus_convexity_tf0.40,bear,0.0,0.9999999900000003,7.384741385515747e-17,0.0,0.0,none,0.0,0.0,0.0,9.99999985834479e-09,0.020491570912798157,2.2639440366296886e-05,0.5577214937431316,1.7692307692307692,strong,0.00034230769230769227,0.0002966496228609005,0.0,0.0,0.0,0.0,none,none,0.3111331959247535,0.20154397913390407
D_plus_convexity_tf0.50,bull,0.0,0.99999999,7.749869425891413e-17,0.0,0.0,none,0.0,0.0,0.0,9.99999984595078e-09,0.013833868124290945,1.4985187368530244e-05,0.5726644374719745,0.5293072824156305,none,8.898756660746003e-05,4.1833820258592126e-05,0.0,0.0,0.0,0.0,none,none,0.10108053401352551,0.1412891704239127
D_plus_convexity_tf0.50,neutral,0.0,0.9999999900000002,0.0036363636000000792,0.0,0.0,none,0.0,0.0,0.0,9.999999857270646e-09,0.014511004101180763,1.578213429387513e-05,0.585077826056334,0.8690909090909091,mild,0.00014745454545454545,7.566710641467058e-05,0.0,0.0,0.0,0.0,none,none,0.309517006646273,0.15594698174544466
D_plus_convexity_tf0.50,bear,0.0,0.9999999900000003,8.326672684688674e-17,0.0,0.0,none,0.0,0.0,0.0,9.999999828202988e-09,0.012145979591109487,1.336134751570773e-05,0.5545433966548486,1.75,strong,0.0003375,0.0002430962757978155,0.0,0.0,0.0,0.0,none,none,-0.2646006771379563,0.14789331491454313
D_plus_convexity_tf0.60,bull,0.0,0.9999999900000002,8.043234243912503e-17,0.0,0.0,none,0.0,0.0,0.0,9.999999857937285e-09,0.01336078331976761,1.448369726136563e-05,0.5757690430993415,0.464354527938343,none,8.063583815028903e-05,4.0678390938513244e-05,0.0,0.0,0.0,0.0,none,none,0.09772528290697712,0.13336746096184826
D_plus_convexity_tf0.60,neutral,0.0,0.9999999900000003,0.0064516128387097455,0.0,0.0,none,0.0,0.0,0.0,9.999999839663355e-09,0.01895833550467849,2.0510039692076952e-05,0.6051293958123892,0.5741935483870968,none,9.580645161290321e-05,2.7819359403708443e-05,0.0,0.0,0.0,0.0,none,none,0.05541202501090063,0.11254187357067816
D_plus_convexity_tf0.60,bear,0.0,0.9999999900000002,9.066821367772112e-17,0.0,0.0,none,0.0,0.0,0.0,9.99999985225782e-09,0.015918176196052056,1.7530741582237885e-05,0.5810120469570634,1.7333333333333334,strong,0.0003333333333333334,0.00012708133943646044,0.0,0.0,0.0,0.0,none,none,0.6984214028035698,0.1998225840309232
H_mpc_tf0.40,bull,0.0,0.35921125729192027,0.4466666666666667,0.0,0.0,none,0.0,0.0,0.0,0.6407887427080796,0.002331548381591112,2.5307630497624072e-06,0.5688487423602581,0.0,none,0.0,0.0,0.0,0.0,0.0,0.0,none,none,0.03035233140141123,0.037360406021806486
H_mpc_tf0.40,neutral,0.0,0.35116624721988876,0.4500000000000002,0.0,0.0,none,0.0,0.0,0.0,0.648833752780111,0.0036647597369653165,3.9866382007807845e-06,0.5931001088072576,0.0,none,0.0,0.0,0.0,0.0,0.0,0.0,none,none,0.04903102640027943,0.04441557108940489
H_mpc_tf0.40,bear,0.0,0.3499999965000001,0.45000000000000023,0.0,0.0,none,0.0,0.0,0.0,0.6500000034999998,0.0027359400566700273,3.0249140767027704e-06,0.5577214937431316,0.0,none,0.0,0.0,0.0,0.0,0.0,0.0,none,none,0.12590208585390442,0.05576122423033143
H_mpc_tf0.50,bull,0.0,0.3580148862007419,0.44999266987288755,0.0,0.0,none,0.0,0.0,0.0,0.641985113799258,0.0021811961141202435,2.3723208055400366e-06,0.5726644374719745,0.0,none,0.0,0.0,0.0,0.0,0.0,0.0,none,none,0.06121336331731342,0.03767995909728548
H_mpc_tf0.50,neutral,0.0,0.3608129631212353,0.44407749607914854,0.0,0.0,none,0.0,0.0,0.0,0.6391870368787647,0.0031355656708308586,3.43672813523215e-06,0.585077826056334,0.0,none,0.0,0.0,0.0,0.0,0.0,0.0,none,none,0.11011441969885596,0.043009927330523785
H_mpc_tf0.50,bear,0.0,0.35843415367990017,0.45000000000000007,0.0,0.0,none,0.0,0.0,0.0,0.6415658463200997,0.006207874562127539,6.8124682546708796e-06,0.5545433966548486,0.0,none,0.0,0.0,0.0,0.0,0.0,0.0,none,none,-0.06716486254761149,0.042747038449766586
H_mpc_tf0.60,bull,0.0,0.35212522279601527,0.4500000000000001,0.0,0.0,none,0.0,0.0,0.0,0.6478747772039848,0.0019509673624776172,2.1067567243869492e-06,0.5757690430993415,0.0,none,0.0,0.0,0.0,0.0,0.0,0.0,none,none,0.05580975539453425,0.03491507361722934
H_mpc_tf0.60,neutral,0.0,0.38419081210652434,0.4385446663781321,0.0,0.0,none,0.0,0.0,0.0,0.6158091878934755,0.009331062387856184,1.0055215110996113e-05,0.6051293958123892,0.0,none,0.0,0.0,0.0,0.0,0.0,0.0,none,none,0.0076910149771788035,0.03509718826226892
H_mpc_tf0.60,bear,0.0,0.34999999649999997,0.45,0.0,0.0,none,0.0,0.0,0.0,0.6500000034999996,0.0009459079840581602,1.0416356174134175e-06,0.5810120469570634,0.0,none,0.0,0.0,0.0,0.0,0.0,0.0,none,none,0.2543870609157792,0.0503868720736816
E_council_tf0.40,bull,0.0,0.9602081559473259,0.012582461596129161,0.0,0.0,none,0.0,0.0,0.0,0.03983658003651704,0.034811357767469325,3.7831081715174975e-05,0.5688487423602581,0.0,none,0.0,0.0,0.24336239993787287,0.2500256378753015,0.506611962034014,1.0310215459054421,cvar_robust,cvar_robust,0.02695910800861765,0.11901208559767253
E_council_tf0.40,neutral,0.0,0.9559296726229657,0.009053404173423759,0.0,0.0,none,0.0,0.0,0.0,0.04407032737703442,0.0399550887265676,4.364136980169475e-05,0.5931001088072576,0.0,none,0.0,0.0,0.2631191412982885,0.20620878622290756,0.5306720721120116,1.0092235304690236,cvar_robust,cvar_robust,0.11617046283738186,0.13942347452794912
E_council_tf0.40,bear,0.0,0.9291816345339882,0.0068292674292203545,0.0,0.0,none,0.0,0.0,0.0,0.07081836546601172,0.038167764527533815,4.2118530111978625e-05,0.5577214937431316,0.0,none,0.0,0.0,0.29300659966542486,0.16428843533943258,0.5427049648247372,0.9785837573971571,cvar_robust,cvar_robust,0.27699278235660507,0.16967472613204315
E_council_tf0.50,bull,0.0,0.9648040552859728,0.00917946224932477,0.0,0.0,none,0.0,0.0,0.0,0.035195944714027184,0.030945373244456013,3.355270433497326e-05,0.5726644374719745,0.0,none,0.0,0.0,0.2664850363881164,0.214225273135366,0.5192896903762508,1.0201199562571304,cvar_robust,cvar_robust,0.1001097648507815,0.12132384467893577
E_council_tf0.50,neutral,0.0,0.9540748830175492,0.011482721093442562,0.0,0.0,none,0.0,0.0,0.0,0.045953545600614855,0.03681925989314997,4.011874731249589e-05,0.585077826056334,0.0,none,0.0,0.0,0.3020839714742247,0.17509541331568823,0.5228206148877095,1.001185633325312,cvar_robust,cvar_robust,0.277750174242138,0.13048053313516303
E_council_tf0.50,bear,0.0,0.9295793398003547,0.005474532339068897,0.0,0.0,none,0.0,0.0,0.0,0.07042066019964541,0.039739284287385865,4.359088780270957e-05,0.5545433966548486,0.0,none,0.0,0.0,0.2902451976456585,0.1544163177003178,0.5553384832516903,0.9499425464400538,cvar_robust,cvar_robust,-0.27851810876701694,0.1308964665641263
E_council_tf0.60,bull,0.0,0.96124946964034,0.009100525761002932,0.0,0.0,none,0.0,0.0,0.0,0.038750530359660085,0.02924188992764794,3.171156947228142e-05,0.5757690430993415,0.0,none,0.0,0.0,0.28426111204374316,0.22078654832238231,0.49495233946589623,1.0354176602971863,cvar_robust,cvar_robust,0.07943140059567162,0.11787777500534473
E_council_tf0.60,neutral,0.0,0.9534726662889291,0.01452291583501139,0.0,0.0,none,0.0,0.0,0.0,0.04658070343359903,0.039693149348760656,4.292626122156212e-05,0.6051293958123892,0.0,none,0.0,0.0,0.2938438725944679,0.18452759647398329,0.5216285299960781,1.008992819583174,cvar_robust,cvar_robust,0.06003817841799318,0.0965994690500719
E_council_tf0.60,bear,0.0,0.9238253876662846,0.0039510118717575515,0.0,0.0,none,0.0,0.0,0.0,0.07617461233371534,0.0320271691456084,3.493407773633089e-05,0.5810120469570634,0.0,none,0.0,0.0,0.31490924253480995,0.15072118261394768,0.5343695748512425,0.9817400086950933,cvar_robust,cvar_robust,0.6922589280173804,0.16566966426939075
E_plus_convexity_tf0.40,bull,0.0,0.9615397049706156,0.013516194776315694,0.0,0.0,none,0.0,0.0,0.0,0.03850503101322723,0.03684233315212885,4.0042301298501624e-05,0.5688487423602581,0.4864864864864865,none,8.288288288288289e-05,3.91891549940755e-05,0.22410445286526842,0.25674456922236044,0.5191509777596769,1.020889406121036,cvar_robust,cvar_robust,0.007752722855255865,0.11726024166188243
E_plus_convexity_tf0.40,neutral,0.0,0.9558213971187638,0.009120011018739941,0.0,0.0,none,0.0,0.0,0.0,0.0441786028812363,0.0394365404879863,4.3053828179191725e-05,0.5931001088072576,0.9015384615384615,mild,0.00015584615384615385,5.99207067793192e-05,0.2502124038642865,0.21241610407336103,0.5373714916960739,1.0062746544520325,cvar_robust,cvar_robust,0.08861899272451797,0.13875303505290099
E_plus_convexity_tf0.40,bear,0.0,0.9299132770691764,0.006831364387292948,0.0,0.0,none,0.0,0.0,0.0,0.07008672293082369,0.038112282093375194,4.208024111776162e-05,0.5577214937431316,1.760180995475113,strong,0.00034004524886877826,0.0001851351069165554,0.2856977115509782,0.16849971925267057,0.5458025690261732,0.9788005231337131,cvar_robust,cvar_robust,0.2326608385716927,0.16285092361617387
E_plus_convexity_tf0.50,bull,0.0,0.9647213375695421,0.009904205318140444,0.0,0.0,none,0.0,0.0,0.0,0.03527866243045803,0.032600887901284056,3.533931205727769e-05,0.5726644374719745,0.43161634103019536,none,6.882770870337476e-05,2.358508355294626e-05,0.2581588617879933,0.21714485608599607,0.5246962820257438,1.0184372895182174,cvar_robust,cvar_robust,0.0811251063541618,0.12129103761158484
E_plus_convexity_tf0.50,neutral,0.0,0.9540587278620118,0.011835545338202712,0.0,0.0,none,0.0,0.0,0.0,0.045969700756152025,0.03680356317132591,4.009818004541813e-05,0.585077826056334,0.7018181818181818,none,0.00012018181818181819,3.95448502760293e-05,0.2901790835183948,0.18655080085055004,0.5232701153084826,1.005753803179219,cvar_robust,cvar_robust,0.26416652378393773,0.12877157315889964
E_plus_convexity_tf0.50,bear,0.0,0.9307469283737284,0.006102334802232294,0.0,0.0,none,0.0,0.0,0.0,0.06925307162627156,0.04157862354719507,4.565193697126723e-05,0.5545433966548486,1.75,strong,0.0003375,0.00017613714702997374,0.2773249375821358,0.168472709878968,0.5542023511362876,0.9590171028797924,cvar_robust,cvar_robust,-0.29754907479310283,0.12549428383155528
E_plus_convexity_tf0.60,bull,0.0,0.9641657001275067,0.008961478619110997,0.0,0.0,none,0.0,0.0,0.0,0.03583429987249331,0.029982128458768804,3.2509198009862064e-05,0.5757690430993415,0.40655105973025046,none,6.753371868978805e-05,3.314120958823623e-05,0.2918679244867659,0.20642865869879537,0.5017034166464605,1.029298042168591,cvar_robust,cvar_robust,0.05947951021415929,0.11704141122064692
E_plus_convexity_tf0.60,neutral,0.0,0.9539860193419387,0.01466829845271954,0.0,0.0,none,0.0,0.0,0.0,0.046067350380589414,0.038061639641297954,4.11526980271092e-05,0.6051293958123892,0.4129032258064516,none,6.193548387096773e-05,1.076131517649632e-05,0.2862083845762338,0.1954900346664996,0.5183015798217959,1.015161944221841,cvar_robust,cvar_robust,0.05521955910024845,0.09713129242804901
E_plus_convexity_tf0.60,bear,0.0,0.9262583103884747,0.006497134644547189,0.0,0.0,none,0.0,0.0,0.0,0.07374168961152534,0.03226338751724268,3.522724689062193e-05,0.5810120469570634,1.6666666666666667,strong,0.0003166666666666667,8.452132574444516e-05,0.287070552387851,0.18904608639605577,0.5238833612160934,1.0110164060201818,cvar_robust,cvar_robust,0.6157083419193773,0.15952862582255234
G_mlp_meta_tf0.40,bull,0.0,0.9614271130183776,0.012083044716782485,0.0,0.0,none,0.0,0.0,0.0,0.038617622965465545,0.038085476688560826,4.142296473017938e-05,0.5688487423602581,0.0,none,0.0,0.0,0.0,0.0,0.0,0.0,none,none,0.021446468080086656,0.1174474643701459
G_mlp_meta_tf0.40,neutral,0.0,0.9535297481781693,0.009941155071591079,0.0,0.0,none,0.0,0.0,0.0,0.04647025182183069,0.048694586233414626,5.318079071772758e-05,0.5931001088072576,0.0,none,0.0,0.0,0.0,0.0,0.0,0.0,none,none,0.12667000696285047,0.13825811307239755
G_mlp_meta_tf0.40,bear,0.0,0.9183738948133946,0.008616046499683847,0.0,0.0,none,0.0,0.0,0.0,0.0816261051866054,0.046327366410852396,5.1179306667695204e-05,0.5577214937431316,0.0,none,0.0,0.0,0.0,0.0,0.0,0.0,none,none,0.27493835220587154,0.16108502290152846
G_mlp_meta_tf0.50,bull,0.0,0.9619920138350414,0.00985559844067738,0.0,0.0,none,0.0,0.0,0.0,0.03800798616495868,0.034223558097804446,3.707428688702237e-05,0.5726644374719745,0.0,none,0.0,0.0,0.0,0.0,0.0,0.0,none,none,0.08484248964931076,0.12329939762466015
G_mlp_meta_tf0.50,neutral,0.0,0.9565908092512869,0.014256650438354725,0.0,0.0,none,0.0,0.0,0.0,0.0434376193668768,0.0397596089588063,4.318222317490657e-05,0.585077826056334,0.0,none,0.0,0.0,0.0,0.0,0.0,0.0,none,none,0.2782007321285686,0.13554660405477248
G_mlp_meta_tf0.50,bear,0.0,0.9303113841031386,0.006781324004656563,0.0,0.0,none,0.0,0.0,0.0,0.06968861589686148,0.043557519272831614,4.776316978359109e-05,0.5545433966548486,0.0,none,0.0,0.0,0.0,0.0,0.0,0.0,none,none,-0.2709010562747824,0.1318198661902289
G_mlp_meta_tf0.60,bull,0.0,0.9571606537954894,0.01109640681245099,0.0,0.0,none,0.0,0.0,0.0,0.04283934620451062,0.034455031622142744,3.7331212358146366e-05,0.5757690430993415,0.0,none,0.0,0.0,0.0,0.0,0.0,0.0,none,none,0.06964261047335936,0.11657387448868856
G_mlp_meta_tf0.60,neutral,0.0,0.9517412726402373,0.015052094316968797,0.0,0.0,none,0.0,0.0,0.0,0.048312097082290756,0.04155985662374141,4.4932862002034465e-05,0.6051293958123892,0.0,none,0.0,0.0,0.0,0.0,0.0,0.0,none,none,0.06975253380589068,0.09603823512225322
G_mlp_meta_tf0.60,bear,0.0,0.920364778144588,0.0072965868087362775,0.0,0.0,none,0.0,0.0,0.0,0.07963522185541216,0.04207837677700384,4.578689151120038e-05,0.5810120469570634,0.0,none,0.0,0.0,0.0,0.0,0.0,0.0,none,none,0.6786299782158742,0.16360513997643616
G_plus_convexity_tf0.40,bull,0.0,0.9626974209161188,0.011961968252695514,0.0,0.0,none,0.0,0.0,0.0,0.037347315067724325,0.03770324854670866,4.1006552768479434e-05,0.5688487423602581,0.43243243243243246,none,7.423423423423423e-05,3.345826771169732e-05,0.0,0.0,0.0,0.0,none,none,0.01394757112309833,0.1166818086467146
G_plus_convexity_tf0.40,neutral,0.0,0.9513097448967437,0.010000100066944346,0.0,0.0,none,0.0,0.0,0.0,0.048690255103256225,0.05017580333328505,5.482507886707565e-05,0.5931001088072576,0.8246153846153846,mild,0.00013907692307692308,4.857868586145111e-05,0.0,0.0,0.0,0.0,none,none,0.09607778320101813,0.1341793699686823
G_plus_convexity_tf0.40,bear,0.0,0.9236410192945409,0.008587616801972417,0.0,0.0,none,0.0,0.0,0.0,0.07635898070545898,0.04361190473288399,4.81491745346837e-05,0.5577214937431316,1.737556561085973,strong,0.0003343891402714932,0.0001731658758139417,0.0,0.0,0.0,0.0,none,none,0.2394309026461247,0.1578440172385827
G_plus_convexity_tf0.50,bull,0.0,0.9569968361491842,0.010290092325596927,0.0,0.0,none,0.0,0.0,0.0,0.04300316385081577,0.03723529091806734,4.0372978115472906e-05,0.5726644374719745,0.42095914742451157,none,6.722912966252219e-05,2.255343370887913e-05,0.0,0.0,0.0,0.0,none,none,0.08373421140682158,0.11932342443551265
G_plus_convexity_tf0.50,neutral,0.0,0.9531537518959865,0.013721942436252825,0.0,0.0,none,0.0,0.0,0.0,0.04687467672217763,0.041257286134834016,4.485898528135886e-05,0.585077826056334,0.7090909090909091,none,0.00012127272727272728,4.471041177855582e-05,0.0,0.0,0.0,0.0,none,none,0.2606392267064223,0.13222030093014883
G_plus_convexity_tf0.50,bear,0.0,0.9240334620524484,0.005578818493614466,0.0,0.0,none,0.0,0.0,0.0,0.07596653794755162,0.04384822212012268,4.7963251264921414e-05,0.5545433966548486,1.75,strong,0.0003375,0.0001780821328795031,0.0,0.0,0.0,0.0,none,none,-0.3020063312060383,0.12684804891090395
G_plus_convexity_tf0.60,bull,0.0,0.9530247316419483,0.011839627588061808,0.0,0.0,none,0.0,0.0,0.0,0.046975268358051665,0.03776446514782388,4.091087864042511e-05,0.5757690430993415,0.42003853564547206,none,7.148362235067438e-05,2.762739811997524e-05,0.0,0.0,0.0,0.0,none,none,0.05577118386460018,0.11445713738482288
G_plus_convexity_tf0.60,neutral,0.0,0.9481603307155907,0.017324653714478895,0.0,0.0,none,0.0,0.0,0.0,0.05189303900693726,0.04758417859854713,5.143224589633181e-05,0.6051293958123892,0.4129032258064516,none,6.193548387096773e-05,9.918290645884178e-06,0.0,0.0,0.0,0.0,none,none,0.06359359242855142,0.09539578359572644
G_plus_convexity_tf0.60,bear,0.0,0.9308867602901033,0.009219056074517912,0.0,0.0,none,0.0,0.0,0.0,0.0691132397098968,0.0465722825724172,5.070427154396468e-05,0.5810120469570634,1.6666666666666667,strong,0.0003166666666666667,8.823656912781843e-05,0.0,0.0,0.0,0.0,none,none,0.6277538562345621,0.1628905136000666
F_cmdp_lagrangian_tf0.40,bull,0.0,0.9526306306306307,0.0,0.0,0.0,none,0.0,0.0,0.0,0.04736937889567554,0.06492456693858316,7.062627738994989e-05,0.5688487423602581,0.0,none,0.0,0.0,0.0,0.0,0.0,0.0,none,none,0.029126150892216072,0.10903922407759897
F_cmdp_lagrangian_tf0.40,neutral,0.0,0.9348615384615386,0.0,0.0,0.0,none,0.0,0.0,0.0,0.0651384708870768,0.09379362432123373,0.00010240482516365656,0.5931001088072576,0.0,none,0.0,0.0,0.0,0.0,0.0,0.0,none,none,0.10306862652344856,0.1166235588259495
F_cmdp_lagrangian_tf0.40,bear,0.0,0.9238914027149323,0.0,0.0,0.0,none,0.0,0.0,0.0,0.07610860652398177,0.08705655402257753,9.594081018434608e-05,0.5577214937431316,0.0,none,0.0,0.0,0.0,0.0,0.0,0.0,none,none,0.20711496869067217,0.14690785535967568
F_cmdp_lagrangian_tf0.50,bull,0.0,0.9032682060390765,0.0,0.0,0.0,none,0.0,0.0,0.0,0.09673180299360555,0.056421499605408494,6.125147910907627e-05,0.5726644374719745,0.0,none,0.0,0.0,0.0,0.0,0.0,0.0,none,none,0.07582876387147783,0.10278563572615297
F_cmdp_lagrangian_tf0.50,neutral,0.0,0.9119636363636364,0.0,0.0,0.0,none,0.0,0.0,0.0,0.08803637275599986,0.07825200287422668,8.532186083255361e-05,0.585077826056334,0.0,none,0.0,0.0,0.0,0.0,0.0,0.0,none,none,0.20208904195049843,0.10941217405901262
F_cmdp_lagrangian_tf0.50,bear,0.0,0.9055000000000002,0.0,0.0,0.0,none,0.0,0.0,0.0,0.09450000905499986,0.09164706245859039,0.00010040714393723448,0.5545433966548486,0.0,none,0.0,0.0,0.0,0.0,0.0,0.0,none,none,-0.2558683289936108,0.11609461674168857
F_cmdp_lagrangian_tf0.60,bull,0.0,0.9341040462427745,0.0,0.0,0.0,none,0.0,0.0,0.0,0.06589596309826577,0.05073829319159344,5.4989355547159055e-05,0.5757690430993415,0.0,none,0.0,0.0,0.0,0.0,0.0,0.0,none,none,0.06787939948852752,0.10624882853687709
F_cmdp_lagrangian_tf0.60,neutral,0.0,0.924,0.0,0.0,0.0,none,0.0,0.0,0.0,0.07600000923999989,0.07321590555958435,7.905017248903159e-05,0.6051293958123892,0.0,none,0.0,0.0,0.0,0.0,0.0,0.0,none,none,0.04138617811792849,0.0848106595832215
F_cmdp_lagrangian_tf0.60,bear,0.0,0.9253333333333332,0.0,0.0,0.0,none,0.0,0.0,0.0,0.07466667591999986,0.07536816207923232,8.186959410205367e-05,0.5810120469570634,0.0,none,0.0,0.0,0.0,0.0,0.0,0.0,none,none,0.6656005732075132,0.13840347732954547
RL_q_learning_tf0.40,bull,0.0,0.9451531531531533,0.0,0.0,0.0,none,0.0,0.0,0.0,0.05484685629837823,0.06215183065598448,6.768154922122219e-05,0.5688487423602581,0.0,none,0.0,0.0,0.0,0.0,0.0,0.0,none,none,0.025308677467994964,0.10760696666502248
RL_q_learning_tf0.40,neutral,0.0,0.9253846153846154,0.0,0.0,0.0,none,0.0,0.0,0.0,0.07461539386923063,0.08881697136155617,9.693758802505051e-05,0.5931001088072576,0.0,none,0.0,0.0,0.0,0.0,0.0,0.0,none,none,0.10228203921059291,0.11771698933750796
RL_q_learning_tf0.40,bear,0.0,0.914027149321267,0.0,0.0,0.0,none,0.0,0.0,0.0,0.08597285981900442,0.08496966035187856,9.359482506931772e-05,0.5577214937431316,0.0,none,0.0,0.0,0.0,0.0,0.0,0.0,none,none,0.21394353177077227,0.1452411266882417
RL_q_learning_tf0.75,bull,0.0,0.9144289693593314,0.0,0.0,0.0,none,0.0,0.0,0.0,0.08557103978495809,0.054767332917175525,5.9539043337606765e-05,0.5780460934023941,0.0,none,0.0,0.0,0.0,0.0,0.0,0.0,none,none,0.08380892801286405,0.11019146812506961
RL_q_learning_tf0.75,neutral,0.0,0.9325000000000003,0.0,0.0,0.0,none,0.0,0.0,0.0,0.06750000932499987,0.05876088213371825,6.389210660889781e-05,0.6470969560654407,0.0,none,0.0,0.0,0.0,0.0,0.0,0.0,none,none,-0.04479063951603999,0.07853824943154089
RL_q_learning_tf0.75,bear,0.0,0.90825,0.0,0.0,0.0,none,0.0,0.0,0.0,0.09175000908249985,0.06940407809867653,7.600852510186594e-05,0.5552902625072991,0.0,none,0.0,0.0,0.0,0.0,0.0,0.0,none,none,0.5785591186687447,0.15679072345203712
RL_q_learning_tf0.60,bull,0.0,0.9281888246628132,0.0,0.0,0.0,none,0.0,0.0,0.0,0.071811184619075,0.04920015636151055,5.337360287583039e-05,0.5757690430993415,0.0,none,0.0,0.0,0.0,0.0,0.0,0.0,none,none,0.06045535458022553,0.10556804618598549
RL_q_learning_tf0.60,neutral,0.0,0.9330322580645164,0.0,0.0,0.0,none,0.0,0.0,0.0,0.0669677512658063,0.07623602774050567,8.237387421093629e-05,0.6051293958123892,0.0,none,0.0,0.0,0.0,0.0,0.0,0.0,none,none,0.03315650307549798,0.0848756114905718
RL_q_learning_tf0.60,bear,0.0,0.947166666666667,0.0,0.0,0.0,none,0.0,0.0,0.0,0.052833342804999885,0.08307963516907228,9.035468084142409e-05,0.5810120469570634,0.0,none,0.0,0.0,0.0,0.0,0.0,0.0,none,none,0.6393952426350265,0.13706946563793818
full_pipeline_strict_timing,bull,1.6666666666666667,0.9152356020942409,0.1094415357766143,0.0,0.0,none,0.0,0.0,0.0,0.08476440681889426,0.08816290719599448,9.565987771390728e-05,0.5713739105014186,0.0,none,0.0,0.0,0.0,0.0,0.0,0.0,none,none,0.07156212914865094,0.10597171105596569
full_pipeline_strict_timing,neutral,1.2076923076923076,0.8941153846153848,0.09192307692307693,0.0,0.0,none,0.0,0.0,0.0,0.10588462412377847,0.09557505322711904,0.00010407349673118356,0.5887154512766747,0.0,none,0.0,0.0,0.0,0.0,0.0,0.0,none,none,0.2289051406032666,0.10430758544832604
full_pipeline_strict_timing,bear,1.4588235294117646,0.9074117647058823,0.10129411764705884,0.0,0.0,none,0.0,0.0,0.0,0.09258824414648281,0.12081041682210708,0.000132650256188611,0.5565592167511282,0.0,none,0.0,0.0,0.0,0.0,0.0,0.0,none,none,-0.23112796209083603,0.11582150747165397
full_pipeline,bull,1.4216867469879517,0.8963253012048192,0.10120481927710843,0.0,0.0,none,0.0,0.0,0.0,0.10367470757586436,0.115178907644827,0.00012781301067644882,0.5518019895435045,0.0,none,0.0,0.0,0.0,0.0,0.0,0.0,none,none,0.42891630115438417,0.14004997586153148
full_pipeline,neutral,1.5,0.901875,0.10375000000000001,0.0,0.0,none,0.0,0.0,0.0,0.09812500882701734,0.14445165320637546,0.00016094384093010166,0.630132104753696,0.0,none,0.0,0.0,0.0,0.0,0.0,0.0,none,none,0.43442294516079777,0.19117286868803104
full_pipeline,bear,1.5,0.9061428571428574,0.10328571428571429,0.0,0.0,none,0.0,0.0,0.0,0.09385715173531975,0.11701715043409483,0.00014116237787151588,0.5568236699445263,0.0,none,0.0,0.0,0.0,0.0,0.0,0.0,none,none,0.16743028091539489,0.44536151193093243
full_pipeline,bull,1.8392857142857142,0.9207589285714286,0.11633928571428573,0.0,0.0,none,0.0,0.0,0.0,0.07924108036754998,0.09140851342971874,9.91558736381564e-05,0.5576086748311043,0.0,none,0.0,0.0,0.0,0.0,0.0,0.0,none,none,0.19749908653971834,0.13837719000923882
full_pipeline,neutral,1.5,0.9075000000000001,0.10333333333333335,0.0,0.0,none,0.0,0.0,0.0,0.09250000884625946,0.09814569169962982,0.00010544113478462883,0.6444770791912561,0.0,none,0.0,0.0,0.0,0.0,0.0,0.0,none,none,0.31085255467959183,0.07674690154161382
full_pipeline,bear,0.8125,0.8681249999999999,0.07875,0.0,0.0,none,0.0,0.0,0.0,0.13187500851751052,0.09885630791633465,0.0001074854859825808,0.5909374982712023,0.0,none,0.0,0.0,0.0,0.0,0.0,0.0,none,none,0.29912607543375697,0.14440735582951306
full_pipeline,bull,1.1864406779661016,0.8891525423728814,0.09152542372881356,0.0,0.0,none,0.0,0.0,0.0,0.11084746630281775,0.1087562215823625,0.00011940428971954047,0.5715100569349433,0.0,none,0.0,0.0,0.0,0.0,0.0,0.0,none,none,-0.28427478599413003,0.1479821825278742
full_pipeline,neutral,0.8165137614678899,0.8688990825688073,0.07834862385321104,0.0,0.0,none,0.0,0.0,0.0,0.1311009259314086,0.13387735895713387,0.0001491236801310084,0.5589834854041867,0.0,none,0.0,0.0,0.0,0.0,0.0,0.0,none,none,0.4794268250866486,0.13664871593707748
full_pipeline,bear,1.0238095238095237,0.8765476190476191,0.08666666666666668,0.0,0.0,none,0.0,0.0,0.0,0.12345238950941048,0.128908418729146,0.0001435664029057666,0.5172390599186589,0.0,none,0.0,0.0,0.0,0.0,0.0,0.0,none,none,-0.4444700267090175,0.13478417356708178
full_pipeline,bull,1.2125984251968505,0.8936220472440941,0.09251968503937012,0.0,0.0,none,0.0,0.0,0.0,0.10637796147334852,0.11835129972190787,0.00012766240777503608,0.5494329323546712,0.0,none,0.0,0.0,0.0,0.0,0.0,0.0,none,none,0.07803023708362304,0.08190346409755453
full_pipeline,neutral,0.9801980198019802,0.8796039603960396,0.08425742574257428,0.0,0.0,none,0.0,0.0,0.0,0.1203960481953037,0.1390150077927919,0.00015088629481165516,0.5540996250418143,0.0,none,0.0,0.0,0.0,0.0,0.0,0.0,none,none,-0.03752986904218869,0.09181796183394995
full_pipeline,bear,0.75,0.8649999999999999,0.07666666666666667,0.0,0.0,none,0.0,0.0,0.0,0.13500000847470128,0.13825807213322053,0.0001498432537863987,0.5653903848121838,0.0,none,0.0,0.0,0.0,0.0,0.0,0.0,none,none,-0.28806052393185944,0.0780400922224072
full_pipeline,bull,0.6857142857142857,0.8629714285714288,0.0734857142857143,0.0,0.0,none,0.0,0.0,0.0,0.13702857992195347,0.08059742859474767,8.710417643423083e-05,0.5863474406045106,0.0,none,0.0,0.0,0.0,0.0,0.0,0.0,none,none,0.14427955693543867,0.06844649319900586
full_pipeline,neutral,0.9615384615384616,0.8773076923076922,0.08365384615384615,0.0,0.0,none,0.0,0.0,0.0,0.12269231629687188,0.09271925548190095,9.980137859549307e-05,0.6069920744249031,0.0,none,0.0,0.0,0.0,0.0,0.0,0.0,none,none,0.286357884335717,0.07928379019159056
full_pipeline,bear,0.84,0.8664000000000001,0.08000000000000002,0.0,0.0,none,0.0,0.0,0.0,0.133600008514491,0.09677514339657922,0.00010438829711131941,0.5727226714699813,0.0,none,0.0,0.0,0.0,0.0,0.0,0.0,none,none,0.6497825570971106,0.09281679608704668
full_pipeline,bull,1.5987261146496816,0.9064968152866245,0.10751592356687897,0.0,0.0,none,0.0,0.0,0.0,0.09350319355070728,0.10669957888850608,0.00011604247151927093,0.5617071440588982,0.0,none,0.0,0.0,0.0,0.0,0.0,0.0,none,none,0.10824526086438022,0.07637895322668918
full_pipeline,neutral,1.0144927536231885,0.8771014492753625,0.08623188405797101,0.0,0.0,none,0.0,0.0,0.0,0.12289855933201849,0.10220611812208474,0.00011151068201971995,0.6226578898167041,0.0,none,0.0,0.0,0.0,0.0,0.0,0.0,none,none,-0.026530623865613247,0.11173370157733868
full_pipeline,bear,1.6153846153846154,0.9153846153846151,0.10692307692307693,0.0,0.0,none,0.0,0.0,0.0,0.0846153935519059,0.11781173229518244,0.00013210396564364846,0.5640196800220386,0.0,none,0.0,0.0,0.0,0.0,0.0,0.0,none,none,0.12296569619374723,0.1993061457300333
full_pipeline_tf0.50,bull,1.6483126110124333,0.9156305506216696,0.10868561278863234,0.0,0.0,none,0.0,0.0,0.0,0.08436945829949785,0.09244813797763085,0.00010021716034879546,0.5726644374719745,0.0,none,0.0,0.0,0.0,0.0,0.0,0.0,none,none,0.06744181106233348,0.106454179241477
full_pipeline_tf0.50,neutral,1.410909090909091,0.9034545454545456,0.09989090909090909,0.0,0.0,none,0.0,0.0,0.0,0.09654546335204982,0.1059294125720469,0.00011562574694972541,0.585077826056334,0.0,none,0.0,0.0,0.0,0.0,0.0,0.0,none,none,0.2004126770902975,0.10710588560212289
full_pipeline_tf0.50,bear,1.0125,0.8795000000000002,0.08562499999999999,0.0,0.0,none,0.0,0.0,0.0,0.12050000861379166,0.12445891862494377,0.00013675684509515648,0.5545433966548486,0.0,none,0.0,0.0,0.0,0.0,0.0,0.0,none,none,-0.26109150257869845,0.11325086979690431
